"description","teamname","shotdistance","makeormiss","timer","game"
"Georges Niang misses 3-pt jump shot from 31 ft (UTA 126, LAC 126)","Utah Jazz",31.0,3,3.0,"UTALAC"
"Andrew Wiggins misses 3-pt jump shot from 25 ft (MIN 95, DEN 98)","Minnesota TWolves",25.0,3,9.0,"MINDEN"
"Taurean Waller-Prince makes 3-pt jump shot from 32 ft (assist by Kevin Huerter) (ATL 134, IND 132)","Atlanta Hawks",32.0,10,2.0,"ATLIND"
"Paul George makes 3-pt jump shot from 23 ft (assist by Russell Westbrook) (OKC 112, HOU 111)","OKC Thunder",23.0,10,1.0,"OKCHOU"
"James Harden misses 3-pt jump shot from 24 ft (HOU 111, OKC 112)","Houston Rockets",24.0,3,0.7,"OKCHOU"
"Maurice Harkless makes 3-pt jump shot from 24 ft (assist by CJ McCollum) (POR 104, LAL 101)","Portland Blazers",24.0,10,1,"PORLAL"
"Kawhi Leonard misses 3-pt jump shot from 25 ft (TOR 103, MIA 103)","Toronto Raptors",25.0,3,13.4,"TORMIA"
"James Johnson misses 3-pt jump shot from 25 ft (MIA 103, TOR 103)","Miami Heat",25.0,3,0.8,"TORMIA"
"Bogdan Bogdanovic misses 3-pt jump shot from 27 ft (SAC 129, NOP 132)","Sacramento Kings",27.0,3,8.0,"SACNOP"
"Troy Brown misses 2-pt jump shot from 24 ft (WAS 110, NYK 111)","Washington Wizards",24.3,1,22.0,"WASNYK"
"Ian Mahinmi misses 2-pt dunk from 2 ft (block by Kevin Knox) (WAS 110, NYK 111)","Washington Wizards",2.7,1,19.0,"WASNYK"
"Chasson Randle misses 3-pt jump shot from 24 ft (WAS 110, NYK 113)","Washington Wizards",24.0,3,6.0,"WASNYK"
"Sam Dekker misses 2-pt layup from 1 ft (WAS 110, NYK 111)","Washington Wizards",1.0,1,19.0,"WASNYK"
"Dorian Finney-Smith misses 2-pt dunk at rim (block by Bruno Caboclo) (DAL 110, MEM 112)","Dallas Mavericks",0.7,1,12.0,"DALMEM"
"Trey Burke misses 2-pt layup at rim (DAL 110, MEM 112)","Dallas Mavericks",0.8,1,8.3,"DALMEM"
"Daryl Macon misses 3-pt jump shot from 26 ft (DAL 110, MEM 112)","Dallas Mavericks",26.5,3,5.6,"DALMEM"
"Salah Mejri makes 2-pt layup at rim (DAL 112, MEM 112)","Dallas Mavericks",0.3,8,1.0,"DALMEM"
"Dorian Finney-Smith misses 2-pt layup from 1 ft (DAL 110, MEM 112)","Dallas Mavericks",1.8,1,1.0,"DALMEM"
"Julius Randle misses 2-pt layup from 3 ft (block by Dragan Bender) (NOP 117, PHO 117)","New Orleans Pelicans",3.0,1,10.0,"PHONOP"
"Solomon Hill misses 3-pt jump shot from 25 ft (NOP 117, PHO 117)","New Orleans Pelicans",25.0,3,9.2,"PHONOP"
"Jamal Crawford misses 3-pt jump shot from 27 ft (PHO 117, NOP 117)","Phoenix Suns",27.0,3,1.0,"PHONOP"
"Dwyane Wade misses 3-pt jump shot from 25 ft (MIA 109, MIN 111)","Miami Heat",25.8,3,0.1,"MIAMIN"
"Kawhi Leonard makes 2-pt layup at rim (assist by Kyle Lowry) (TOR 111, CHO 110)","Toronto Raptors",0.5,3,15.4,"CHOTOR"
"Jeremy Lamb makes 3-pt jump shot from 26 ft (assist by Kemba Walker) (CHO 113, TOR 111)","Charlotte Bobcats",26.5,10,3.5,"CHOTOR"
"Kawhi Leonard misses 2-pt jump shot from 19 ft (TOR 111, CHO 113)","Toronto Raptors",19.0,1,0.1,"CHOTOR"
"Jordan McRae misses 2-pt jump shot from 6 ft (block by Shaquille Harrison) (WAS 112, CHI 113)","Washington Wizards",6.4,1,14.7,"WASCHI"
"Jordan McRae misses 3-pt jump shot from 27 ft (WAS 114, CHI 115)","Washington Wizards",27.7,3,2.8,"WASCHI"
"Andrew Wiggins makes 2-pt layup from 2 ft (assist by Josh Okogie) (MIN 110, DAL 108)","Minnesota TWolves",2.3,8,19.9,"DALMIN"
"Jalen Brunson misses 3-pt jump shot from 25 ft (DAL 108, MIN 110)","Dallas Mavericks",25.5,3,0.9,"DALMIN"
"Dwight Powell makes 2-pt dunk from 1 ft (assist by Jalen Brunson) (DAL 104, OKC 103)","Dallas Mavericks",1.5,8,21.5,"OKCDAL"
"Dennis Schroder misses 3-pt jump shot from 24 ft (OKC 103, DAL 104)","OKC Thunder",24.3,3,13.3,"OKCDAL"
"Paul George misses 3-pt jump shot from 25 ft (OKC 103, DAL 104)","OKC Thunder",25.3,3,5.8,"OKCDAL"
"Russell Westbrook misses 3-pt jump shot from 36 ft (OKC 103, DAL 106)","OKC Thunder",36.0,3,1.3,"OKCDAL"
"John Collins misses 3-pt jump shot from 23 ft (ATL 119, MIL 122)","Atlanta Hawks",23.5,3,24.5,"MILATL"
"Alex Len makes 3-pt jump shot from 25 ft (assist by Trae Young) (ATL 122, MIL 122)","Atlanta Hawks",25.9,10,19.5,"MILATL"
"Sterling Brown misses 2-pt jump shot from 20 ft (MIL 122, ATL 122)","Milwuakee Bucks",20.0,1,2.3,"MILATL"
"Andrew Wiggins misses 2-pt jump shot from 23 ft (MIN 115, GSW 115)","Minnesota TWolves",23.0,1,5.8,"MINGSW"
"Andrew Wiggins misses 3-pt jump shot from 26 ft (MIN 115, GSW 115)","Minnesota TWolves",26.0,3,0.3,"MINGSW"
"Darren Collison misses 2-pt jump shot from 18 ft (IND 112, BOS 112)","Indiana Pacers",18.5,1,12.0,"BOSIND"
"Kyrie Irving makes 2-pt layup from 2 ft (BOS 114, IND 112)","Boston Celtics",2.0,8,0.0,"BOSIND"
"Buddy Hield misses 3-pt jump shot from 28 ft (SAC 118, NOP 121)","Sacramento Kings",28.4,3,4.0,"NOPSAC"
"Jamal Crawford makes 3-pt jump shot from 26 ft (PHO 121, WAS 121)","Phoenix Suns",26.4,10,17.0,"PHOWAS"
"Troy Daniels misses 3-pt jump shot from 23 ft (PHO 121, WAS 124)","Washington Wizards",23.5,3,2.3,"PHOWAS"
"Blake Griffin misses 3-pt jump shot from 24 ft (DET 92, DEN 95)","Detroit Pistons",24.5,3,1.3,"DETDEN"
"Kemba Walker misses 2-pt layup from 3 ft (CHO 106, SAS 106)","Charlotte Hornets",3.6,1,21.3,"CHOSAS"
"DeMar DeRozan misses 2-pt jump shot from 17 ft (SAS 106, CHO 106)","San Antonio Spurs",17.6,1,0.9,"CHOSAS"
"Jeremy Lamb makes 3-pt jump shot from 48 ft (CHO 115, TOR 114)","Charlotte Hornets",48.5,10,0.4,"TORCHO"
"Terry Rozier misses 3-pt jump shot from 26 ft (BOS 117, CHO 120)","Boston Celtics",26.5,3,14.2,"BOSCHO"
"Trae Young makes 2-pt layup from 14 ft (assist by Kevin Huerter) (ATL 129, PHI 127)","Atlanta Hawks",14.5,8,0.8,"ATLPHI"
"Evan Fournier makes 2-pt layup from 2 ft (assist by Aaron Gordon) (ORL 110, MEM 110)","Orlando Magic",2.5,8,17.8,"ORLMEM"
"Tyler Dorsey misses 2-pt jump shot from 22 ft (MEM 110, ORL 110)","Memphis Grizzlies",22.5,1,2.4,"ORLMEM"
"Evan Fournier misses 3-pt jump shot from 27 ft (ORL 110, MEM 110)","Orlando Magic",27.5,3,0.8,"ORLMEM"
"Jordan Clarkson misses 3-pt jump shot from 27 ft (CLE 108, LAC 110)","Cleveland Cavs",27.5,3,0.9,"CLELAC"
"Thomas Bryant misses 3-pt jump shot from 29 ft (WAS 108, DEN 111)","Washington Wizards",29.5,3,12.3,"DENWAS"
"Donovan Mitchell misses 3-pt jump shot from 23 ft (UTA 114, ATL 117)","Utaz Jazz",23.7,10,1.3,"UTAATL"
"Russell Westbrook makes 2-pt layup from 2 ft (OKC 110, TOR 110)","OKC Thunder",2.7,8,4.3,"OKCTOR"
"Russell Westbrook misses 3-pt jump shot from 37 ft (OKC 110, TOR 110)","OKC Thunder",37.7,3,0.3,"OKCTOR"
"Danuel House misses 2-pt layup from 3 ft (HOU 110, MEM 112)","Houston Rockets",3.7,1,22.3,"MEMHOU"
"Chandler Parsons misses 3-pt jump shot from 40 ft (MEM 115, HOU 115)","Memphis Grizzlies",40.7,3,0.3,"MEMHOU"
"Bradley Beal misses 3-pt jump shot from 26 ft (WAS 109, CHI 112)","Washington Wizards",26.7,3,20.3,"WASCHI"
"Bradley Beal makes 2-pt jump shot from 14 ft (assist by Jabari Parker) (WAS 113, CHI 113)","Washington Wizards",14.7,8,2.3,"WASCHI"
"Buddy Hield misses 3-pt jump shot from 61 ft (SAC 121, BRK 123)","Sacramento Kings",50.0,3,0.5,"SACBRK"
"Rondae Hollis-Jefferson makes 2-pt layup from 2 ft (BRK 123, SAC 121)","Brooklyn Nets",2.0,8,0.9,"SACBRK"
"Jeremy Lamb misses 2-pt layup from 4 ft (CHO 114, PHI 116)","Charlotte Hornets",4.0,3,2.9,"PHICHO"
"Nicolas Batum misses 2-pt layup at rim (CHO 114, PHI 116)","Charlotte Hornets",1.0,1,0.9,"PHICHO"
"Julius Randle makes 2-pt dunk from 1 ft (assist by Elfrid Payton) (NOP 110, DAL 109)","New Orleans Pelicans",1.0,8,5.9,"DALNOP"
"Julius Randle misses 2-pt jump shot from 15 ft (NOP 110, DAL 110)","New Orleans Pelicans",15.0,1,1.2,"DALNOP"
"LeBron James misses 2-pt jump shot from 12 ft (block by Mario Hezonja) (LAL 123, NYK 124)","LA Lakers",12.0,1,2.2,"LALNYK"
"Jarrett Allen makes 2-pt dunk from 1 ft (assist by D'Angelo Russell) (BRK 116, LAC 116)","Brooklyn Nets",1.0,8,2.9,"BRKLAC"
"Lou Williams makes 3-pt jump shot from 28 ft (assist by Danilo Gallinari) (LAC 119, BRK 116)","LA Clippers",28.7,10,1.9,"BRKLAC"
"Julius Randle misses 2-pt layup from 2 ft (block by Dragan Bender) (NOP 120, PHO 120)","New Orleans Pelicans",2.7,1,24.0,"PHONOP"
"Julius Randle makes 2-pt dunk from 1 ft (assist by Elfrid Payton) (NOP 122, PHO 120)","New Orleans Pelicans",1.7,8,23.2,"PHONOP"
"Devin Booker makes 2-pt layup from 2 ft (PHO 122, NOP 122)","Phoenix Suns",2.5,8,18.2,"PHONOP"
"Frank Jackson misses 2-pt jump shot from 16 ft (NOP 122, PHO 122)","New Orleans Pelicans",16.5,1,1.2,"PHONOP"
"Paul Millsap makes 2-pt layup from 2 ft (assist by Jamal Murray) (DEN 102, IND 100)","Denver Nuggets",2.5,8,7.2,"INDDEN"
"Bojan Bogdanovic misses 3-pt jump shot from 25 ft (IND 100, DEN 102)","Indiana Pacers",25.9,3,2.8,"INDDEN"
"Bojan Bogdanovic misses 2-pt jump shot from 16 ft (IND 106, OKC 106)","Indiana Pacers",16.9,1,4.8,"INDOKC"
"Wesley Matthews makes 2-pt layup at rim (IND 108, OKC 106)","Indiana Pacers",3.9,8,1.8,"INDOKC"
"Russell Westbrook misses 3-pt jump shot from 29 ft (OKC 106, IND 108)","OKC Thunder",29.9,3,3.8,"INDOKC"
"Luka Doncic makes 2-pt dunk from 2 ft (DAL 99, DEN 98)","Dallas Mavericks",2.9,8,4.8,"DENDAL"
"Nikola Jokic makes 2-pt jump shot from 12 ft (DEN 100, DAL 99)","Denver Nuggets",12.6,8,1.8,"DENDAL"
"Stephen Curry misses 3-pt jump shot from 28 ft (GSW 108, PHO 111)","Golden State Warriors",28.6,3,23.8,"GSWPHO"
"Jalen Brunson misses 2-pt jump shot from 14 ft (block by Chris Paul) (DAL 93, HOU 94)","Dallas Mavericks",14.6,1,0.8,"DALHOU"
"Bradley Beal makes 3-pt jump shot from 25 ft (assist by Trevor Ariza) (WAS 121, MIN 121)","Washington Wizards",25.6,10,0.1,"WASMIN"
"Vince Carter misses 3-pt jump shot from 29 ft (ATL 112, BRK 114)","Brooklyn Nets",29.6,3,1.1,"ATLBRK"
"Bradley Beal misses 2-pt layup from 5 ft (WAS 111, CHO 112)","Washington Wizards",5.7,1,3.1,"WASCHO"
"Paul George misses 2-pt layup from 2 ft (OKC 111, POR 111)","OKC Thunder",2.7,1,19.1,"POROKC"
"Terrance Ferguson makes 2-pt layup from 1 ft (OKC 113, POR 111)","OKC Thunder",1.7,8,13.1,"POROKC"
"Damian Lillard misses 2-pt jump shot from 12 ft (POR 111, OKC 113)","Portland Blazers",12.7,1,6.1,"POROKC"
"Damian Lillard misses 3-pt jump shot from 48 ft (POR 113, OKC 113)","Portland Blazers",48.7,3,2.1,"POROKC"
"Gordon Hayward makes 2-pt jump shot from 9 ft (BOS 111, SAC 109)","Boston Celtics",9.7,8,2.1,"SACBOS"
"Harrison Barnes misses 3-pt jump shot from 30 ft (SAC 109, BOS 111)","Sacramento Kings",30.7,3,1.1,"SACBOS"
"Zach LaVine makes 2-pt layup from 2 ft (assist by Robin Lopez) (CHI 108, PHI 107)","Chicago Bulls",2.7,8,1.1,"CHIPHI"
"Elfrid Payton makes 2-pt layup from 2 ft (NOP 113, UTA 112)","New Orleans Pelicans",2.9,8,23.1,"UTANOP"
"Donovan Mitchell misses 2-pt jump shot from 13 ft (UTA 112, NOP 113)","Utah Jazz",13.9,1,3.1,"UTANOP"
"Jamal Murray misses 3-pt jump shot from 27 ft (DEN 103, SAS 104)","Denver Nuggets",27.9,3,16.1,"DENSAS"
"Jamal Murray misses 2-pt jump shot from 9 ft (DEN 103, SAS 104)","Denver Nuggets",9.6,1,11.1,"DENSAS"
"Gary Harris misses 2-pt jump shot from 20 ft (DEN 103, SAS 104)","Denver Nuggets",20.6,1,4.1,"DENSAS"
"Delon Wright misses 3-pt jump shot from 23 ft (MEM 93, OKC 95)","Memphis Grizzlies",23.6,3,23.1,"OKCMEM"
"Marc Gasol misses 2-pt jump shot from 21 ft (TOR 100, DET 100)","Toronto Raptors",21.6,1,1.4,"DETTOR"
"Kris Dunn misses 3-pt jump shot from 27 ft (CHI 117, ATL 120)","Chicago Bulls",27.6,3,21.4,"ATLCHI"
"Lauri Markkanen misses 3-pt jump shot from 25 ft (CHI 117, ATL 120)","Chicago Bulls",25.6,3,11.5,"ATLCHI"
"CJ McCollum misses 3-pt jump shot from 26 ft (POR 114, TOR 115)","Portland Blazers",26.6,3,23.1,"PORTOR"
"Kawhi Leonard makes 2-pt jump shot from 12 ft (TOR 119, POR 117)","Toronto Raptors",12.6,8,3.7,"PORTOR"
"Damian Lillard misses 3-pt jump shot from 70 ft (POR 117, TOR 119)","Portland Blazers",49.6,3,1.7,"PORTOR"
"Otto Porter makes 2-pt layup from 2 ft (CHI 121, ATL 121)","Chicago Bulls",2.6,8,24.0,"ATLCHI"
"Trae Young makes 3-pt jump shot from 26 ft (ATL 124, CHI 121)","Atlanta Hawks",26.6,10,3.0,"ATLCHI"
"Dion Waiters misses 3-pt jump shot from 26 ft (MIA 118, HOU 121)","Miami Heat",26.9,3,8.4,"MIAHOU"
"Eric Bledsoe makes 2-pt layup from 5 ft (MIL 126, SAC 126)","Milwuakee Bucks",5.9,8,11.2,"MILSAC"
"Kelly Olynyk misses 3-pt jump shot from 26 ft (MIA 120, GSW 122)","Miami Heat",26.9,3,18.2,"GSWMIA"
"Dwyane Wade misses 3-pt jump shot from 28 ft (block by Jordan Bell) (MIA 123, GSW 125)","Miami Heat",28.9,3,1.2,"GSWMIA"
"Dwyane Wade makes 3-pt jump shot from 25 ft (MIA 126, GSW 125)","Miami Heat",25.3,10,0.9,"GSWMIA"
"Justin Holiday misses 3-pt jump shot from 27 ft (MEM 102, CHI 105)","Memphis Grizzlies",27.3,3,20.9,"CHIMEM"
"Kemba Walker misses 3-pt jump shot from 27 ft (CHO 113, HOU 116)","Charlotte Bobcats",27.3,3,16.7,"HOUCHO"
"Trae Young makes 2-pt jump shot from 8 ft (assist by Vince Carter) (ATL 118, MIN 118)","Atlanta Hawks",8.3,8,20.1,"MINATL"
"Derrick Rose misses 2-pt jump shot from 13 ft (MIN 118, ATL 118)","Minnesota TWolves",13.3,3,0.1,"MINATL"
"E'Twaun Moore misses 3-pt jump shot from 25 ft (NOP 110, PHI 111)","New Orleans Pelicans",25.3,3,2.1,"NOPPHI"
"Kelly Olynyk makes 2-pt jump shot from 22 ft (assist by Dwyane Wade) (MIA 121, PHO 120)","Miami Heat",22.4,8,18.1,"PHOMIA"
"Dwyane Wade misses 2-pt jump shot from 16 ft (MIA 121, PHO 122)","Miami Heat",16.3,3,3.1,"PHOMIA"
"Bam Adebayo misses 2-pt layup from 1 ft (MIA 121, PHO 122)","Miami Heat",1.3,1,2.1,"PHOMIA"
"Dwyane Wade misses 3-pt jump shot from 52 ft (MIA 121, PHO 124)","Miami Heat",49.9,3,1.1,"PHOMIA"
"Thomas Bryant misses 3-pt jump shot from 26 ft (WAS 112, IND 115)","Washington Wizards",26.7,3,14.1,"INDWAS"
"Jerami Grant misses 3-pt jump shot from 23 ft (OKC 116, SAC 118)","OKC Thunder",23.7,3,17.1,"SACOKC"
"Paul George misses 3-pt jump shot from 30 ft (OKC 116, SAC 119)","OKC Thunder",30.7,3,.6,"SACOKC"
"Kemba Walker misses 3-pt jump shot from 25 ft (block by Caris LeVert) (CHO 115, BRK 117)","Charlotte Hornets",25.7,3,.5,"BRKCHO"
"Kawhi Leonard makes 2-pt dunk from 2 ft (TOR 118, SAS 117)","Toronto Raptors",2.7,8,15.5,"SASTOR"
"Davis Bertans misses 2-pt jump shot from 14 ft (SAS 117, TOR 118)","San Antonio Spurs",14.7,3,2.5,"SASTOR"
"Marco Belinelli misses 3-pt jump shot from 29 ft (SAS 117, TOR 120)","San Antonio Spurs",29.4,3,0.5,"SASTOR"
"Zach LaVine misses 2-pt jump shot from 21 ft (CHI 106, ORL 106)","Chicago Bulls",21.3,1,11.5,"CHIORL"
"Robin Lopez makes 2-pt layup from 3 ft (CHI 108, ORL 106)","Chicago Bulls",3.3,8,8.3,"CHIORL"
"Evan Fournier makes 3-pt jump shot from 25 ft (assist by Aaron Gordon) (ORL 109, CHI 108)","Orlando Magic",25.3,10,7.1,"CHIORL"
"Donovan Mitchell misses 2-pt layup from 7 ft (block by Jerami Grant) (UTA 129, OKC 129)","Utah Jazz",7.3,1,10.1,"OKCUTA"
"Russell Westbrook misses 3-pt jump shot from 25 ft (OKC 129, UTA 129)","OKC Thunder",25.3,3,0.1,"OKCUTA"
"Thon Maker makes 3-pt jump shot from 23 ft (assist by Reggie Jackson) (DET 125, ATL 122)","Detroit Pistons",23.7,10,17.1,"DETATL"
"Trae Young misses 3-pt jump shot from 32 ft (ATL 122, DET 125)","Atlanta Hawks",32.7,3,10.1,"DETATL"
"Vince Carter misses 3-pt jump shot from 25 ft (ATL 122, DET 125)","Atlanta Hawks",25.7,3,5.1,"DETATL"
"Kyrie Irving misses 2-pt layup from 4 ft (BOS 97, MIL 98)","Boston Celtics",4.4,1,0.1,"MILBOS"
"Buddy Hield misses 2-pt jump shot from 12 ft (SAC 123, GSW 125)","Sacramento Kings",12.4,1,2.1,"SACGSW"
"Buddy Hield makes 2-pt layup from 2 ft (SAC 118, DEN 118)","Sacramento Kings",2.3,8,15.1,"SACDEN"
"Buddy Hield misses 3-pt jump shot from 26 ft (SAC 118, DEN 120)","Sacramento Kings",26.3,3,0.6,"SACDEN"
"Nikola Jokic makes 2-pt layup from 1 ft (DEN 120, SAC 118)","Denver Nuggets",1.3,8,0.3,"SACDEN"
"Caris LeVert misses 3-pt jump shot from 25 ft (BRK 109, CLE 109)","Brooklyn Nets",25.3,3,1.3,"BRKCLE"
"DeMarre Carroll misses 2-pt jump shot from 10 ft (BRK 109, CLE 109)","Brooklyn Nets",10.3,1,0.5,"BRKCLE"
"Tobias Harris misses 3-pt jump shot from 25 ft (PHI 107, BOS 110)","Philadelphia Sixers",25.3,3,6.7,"PHIBOS"
"Joe Harris misses 2-pt jump shot from 11 ft (BRK 125, TOR 125)","Brooklyn Nets",11.3,1,23.3,"BRKTOR"
"Kawhi Leonard makes 2-pt jump shot from 16 ft (assist by Kyle Lowry) (TOR 127, BRK 125)","Toronto Raptors",16.3,8,4.5,"BRKTOR"
"D'Angelo Russell misses 3-pt jump shot from 26 ft (BRK 125, TOR 127)","Brooklyn Nets",26.3,3,1.5,"BRKTOR"
"Luke Kornet misses 3-pt jump shot from 26 ft (NYK 104, CLE 105)","New York Knicks",26.9,3,21.2,"NYKCLE"
"John Jenkins misses 3-pt jump shot from 23 ft (NYK 104, CLE 107)","New York Knicks",23.9,3,7.2,"NYKCLE"
"Kevin Durant misses 3-pt jump shot from 26 ft (GSW 118, MIA 118)","Golden State Warriors",26.9,3,7.9,"MIAGSW"
"Dion Waiters misses 3-pt jump shot from 28 ft (MIA 118, GSW 120)","Miami Heat",28.7,3,2.9,"MIAGSW"
"Bam Adebayo misses 2-pt layup from 7 ft (MIA 118, GSW 120)","Miami Heat",7.7,1,0.9,"MIAGSW"
"Damian Lillard misses 2-pt layup from 4 ft (POR 101, DAL 102)","Portland Blazers",4.7,1,2.9,"PORDAL"
"James Harden misses 3-pt jump shot from 26 ft (HOU 112, OKC 113)","Houston Rockets",26.7,3,4.5,"HOUOKC"
"Kyle Kuzma makes 3-pt jump shot from 24 ft (assist by Brandon Ingram) (LAL 127, BOS 126)","LA Lakers",24.7,10,19.2,"BOSLAL"
"Kyrie Irving makes 2-pt jump shot from 6 ft (BOS 128, LAL 127)","Boston Celtics",6.3,8,11.1,"BOSLAL"
"Brandon Ingram misses 2-pt layup from 2 ft (block by Al Horford) (LAL 127, BOS 128)","LA Lakers",2.4,1,3.1,"BOSLAL"
"Rajon Rondo makes 2-pt jump shot from 19 ft (LAL 129, BOS 128)","LA Lakers",19.3,8,1.1,"BOSLAL"
"Andrew Wiggins misses 2-pt jump shot from 12 ft (MIN 104, MEM 106)","Minnesota TWolves",12.3,1,18.4,"MINMEM"
"Mike Conley misses 3-pt jump shot from 25 ft (MEM 106, MIN 106)","Memphis Grizzlies",25.3,3,3.4,"MINMEM"
"Tobias Harris makes 2-pt jump shot from 7 ft (LAC 117, CHO 115)","LA Clippers",7.5,8,4.7,"LACCHO"
"Marvin Williams misses 3-pt jump shot from 25 ft (CHO 115, LAC 117)","Charlotte Hornets",25.5,3,0.7,"LACCHO"
"Tim Frazier misses 3-pt jump shot from 26 ft (NOP 108, SAS 111)","New Orleans Pelicans",26.5,3,4.7,"NOPSAS"
"Luol Deng misses 3-pt jump shot from 22 ft (MIN 106, DEN 107)","Minnesota TWolves",22.5,3,3.7,"DENMIN"
"Shabazz Napier misses 3-pt jump shot from 26 ft (BRK 114, SAS 117)","Brooklyn Nets",26.5,3,0.1,"BRKSAS"
"Avery Bradley misses 3-pt jump shot from 26 ft (LAC 112, LAL 112)","LA Clippers",26.2,3,10.3,"LACLAL"
"LeBron James misses 2-pt layup from 4 ft (block by Tobias Harris) (LAL 112, LAC 112)","LA Lakers",4.7,1,3.3,"LACLAL"
"Lou Williams misses 3-pt jump shot from 27 ft (LAC 112, LAL 112)","LA Clippers",27.7,3,0.3,"LACLAL"
"Harrison Barnes misses 3-pt jump shot from 27 ft (DAL 88, DET 91)","Sacramento Kings",27.3,3,11.3,"DALDET"
"Mike Conley misses 2-pt layup at rim (MEM 93, MIN 93)","Memphis Grizzlies",0.3,1,16.6,"MEMMIN"
"Jerryd Bayless misses 2-pt jump shot from 20 ft (MIN 93, MEM 93)","Minnesota TWolves",20.3,1,3.5,"MEMMIN"
"Josh Jackson makes 2-pt dunk from 1 ft (PHO 124, SAS 124)","Phoenix Suns",1.4,8,19.3,"SASPHO"
"Rudy Gay makes 2-pt jump shot from 21 ft (SAS 126, PHO 124)","San Antonio Spurs",21.4,8,0.8,"SASPHO"
"Troy Brown misses 3-pt jump shot from 24 ft (block by Cedi Osman) (WAS 113, CLE 116)","Washington Wizards",24.4,3,1.8,"WASCLE"
"Kyle Anderson misses 2-pt jump shot from 7 ft (MEM 92, DEN 93)","Memphis Grizzlies",7.4,1,10.2,"DENMEM"
"Kyle Anderson misses 2-pt jump shot from 18 ft (MEM 92, DEN 93)","Memphis Grizzlies",18.4,1,6.2,"DENMEM"
"Rodney Hood misses 2-pt layup from 2 ft (block by Robin Lopez) (CLE 100, CHI 101)","Cleveland Cavs",2.4,1,17.2,"CHICLE"
"Alec Burks makes 2-pt jump shot from 10 ft (CLE 102, CHI 101)","Cleveland Cavs",10.5,8,17.0,"CHICLE"
"Kyrie Irving misses 2-pt jump shot from 9 ft (BOS 111, GSW 113)","Boston Celtics",9.5,3,22.0,"GSWBOS"
"Marcus Morris misses 3-pt jump shot from 25 ft (BOS 111, GSW 113)","Boston Celtics",25.4,3,10.0,"GSWBOS"
"Jerryd Bayless misses 2-pt jump shot from 23 ft (MIN 102, UTA 103)","Minnesota TWolves",23.4,1,24.5,"UTAMIN"
"Luol Deng misses 3-pt jump shot from 23 ft (MIN 102, UTA 103)","Minnesota TWolves",23.2,3,17.3,"UTAMIN"
"Anthony Tolliver misses 3-pt jump shot from 27 ft (block by Rudy Gobert) (MIN 102, UTA 105)","Minnesota TWolves",27.2,3,3.5,"UTAMIN"
"Kawhi Leonard misses 3-pt jump shot from 26 ft (TOR 119, HOU 121)","Toronto Raptors",26.2,3,0.5,"TORHOU"
"DeMar DeRozan misses 2-pt layup from 1 ft (block by Wilson Chandler) (SAS 120, PHI 121)","San Antonio Spurs",1.2,1,7.8,"SASPHI"
"Allonzo Trier makes 2-pt layup from 1 ft (NYK 110, HOU 109)","New York Knicks",4.6,8,20.8,"NYKHOU"
"Eric Gordon makes 3-pt jump shot from 28 ft (HOU 112, NYK 110)","Houston Rockets",28.3,10,11.8,"NYKHOU"
"Frank Jackson misses 3-pt jump shot from 25 ft (NOP 92, DET 95)","New Orleans Pelicans",25.3,3,20.1,"NOPDET"
"Danny Green misses 3-pt jump shot from 24 ft (TOR 104, IND 107)","Toronto Raptors",24.3,3,9.7,"TORIND"
"Derrick Rose makes 2-pt jump shot from 20 ft (MIN 116, PHO 114)","Minnesota TWolves",20.3,8,1.7,"MINPHO"
"Jimmy Butler makes 2-pt layup at rim (PHI 115, OKC 113)","Philadelphia Sixers",0.9,8,6.7,"OKCPHI"
"Paul George makes 3-pt jump shot from 26 ft (assist by Terrance Ferguson) (OKC 116, PHI 115","OKC Thunder",26.4,10,5.2,"OKCPHI"
"Jimmy Butler misses 3-pt jump shot from 27 ft (PHI 115, OKC 117)","Minnesota TWolves",27.4,3,0.2,"OKCPHI"
"Eric Gordon makes 3-pt jump shot from 26 ft (assist by Austin Rivers) (HOU 120, LAL 120)","Houston Rockets",26.3,10,2.4,"LALHOU"
"Kentavious Caldwell-Pope misses 3-pt jump shot from 39 ft (LAL 120, HOU 120)","LA Lakers",39.3,3,0.4,"LALHOU"
"Buddy Hield makes 3-pt jump shot from 27 ft (SAC 103, DET 101)","Sacramento Kings",27.3,10,0.9,"SACDET"
"Evan Fournier misses 2-pt jump shot from 6 ft (ORL 115, BRK 117)","Orlando Magic",6.3,1,0.8,"ORLBRK"
"Derrick Rose misses 3-pt jump shot from 26 ft (MIN 113, SAS 116)","Minnesota TWolves",26.3,3,0.4,"MINSAS"
"Dwyane Wade misses 3-pt jump shot from 26 ft (MIA 93, DET 96)","Miami Heat",26.5,3,6.3,"MIADET"
"Thomas Bryant makes 2-pt layup from 6 ft (assist by Bradley Beal) (WAS 101, NYK 100)","Washington Wizards",6.2,8,0.3,"NYKWAS"
"Emmanuel Mudiay misses 2-pt jump shot from 20 ft (NYK 100, WAS 101)","New York Knicks",20.2,1,0.3,"NYKWAS"
"Pascal Siakam makes 2-pt layup from 2 ft (TOR 111, PHO 109)","Toronto Raptors",2.2,8,0.7,"TORPHO"
"Kyle Kuzma misses 3-pt jump shot from 23 ft (LAL 122, OKC 122)","LA Lakers",23.2,3,0.1,"LALOKC"
"Spencer Dinwiddie makes 3-pt jump shot from 28 ft (BRK 131, HOU 131)","Brooklyn Nets",28.4,10,8.4,"BRKHOU"
"James Harden misses 3-pt jump shot from 28 ft (HOU 131, BRK 131)","Houston Rockets",28.3,3,0.8,"BRKHOU"
"Nikola Vucevic misses 2-pt jump shot from 19 ft (ORL 109, DET 109)","Orlando Magic",19.3,1,22.8,"DETORL"
"Blake Griffin misses 2-pt jump shot from 20 ft (DET 109, ORL 109)","Detroit Pistons",20.3,1,0.5,"DETORL"
"Bradley Beal makes 3-pt jump shot from 26 ft (WAS 124, TOR 124)","Washington Wizards",26.4,10,21.7,"WASTOR"
"Kawhi Leonard misses 2-pt jump shot from 12 ft (TOR 124, WAS 124)","Toronto Raptors",12.4,1,4.7,"WASTOR"
"Jeff Green misses 2-pt jump shot from 22 ft (WAS 124, TOR 124)","Washington Wizards",22.4,1,1.3,"WASTOR"
"Emmanuel Mudiay misses 3-pt jump shot from 25 ft (NYK 105, PHI 108)","New York Knicks",25.7,3,0.3,"NYKPHI"
"Damian Lillard misses 3-pt jump shot from 33 ft (POR 113, DEN 116)","Portland Blazers",33.7,3,0.7,"DENPOR"
"Jayson Tatum misses 2-pt jump shot from 21 ft (BOS 103, ORL 105)","Boston Celtics",21.7,1,0.4,"BOSORL"
"Shelvin Mack misses 2-pt layup from 4 ft (block by Dwyane Wade) (MEM 108, MIA 110)","Memphis Grizzlies",4.7,1,4.6,"MEMMIA"
"John Collins makes 2-pt jump shot from 13 ft (assist by Kevin Huerter) (ATL 123, PHI 121)","Atlanta Hawks",13.7,8,9.5,"PHIATL"
"Ben Simmons misses 2-pt layup at rim (PHI 121, ATL 123)","Philadelphia Sixers",0.7,1,2.5,"PHIATL"
"Wilson Chandler misses 2-pt layup at rim (PHI 121, ATL 123)","Philadelphia Sixers",0.7,1,0.5,"PHIATL"
"Luka Doncic makes 3-pt jump shot from 28 ft (DAL 117, MIN 115)","Dallas Mavericks",28.7,10,23.8,"MINDAL"
"Derrick White makes 3-pt jump shot from 27 ft (assist by Davis Bertans) (SAS 129, OKC 126)","San Antonio Spurs",27.7,10,21.8,"SASOKC"
"Jerami Grant makes 2-pt layup from 1 ft (assist by Russell Westbrook) (OKC 130, SAS 130)","OKC Thunder",1.9,8,5.6,"SASOKC"
"DeMar DeRozan misses 2-pt jump shot from 18 ft (SAS 130, OKC 130)","San Antonio Spurs",18.5,1,0.6,"SASOKC"
"Serge Ibaka makes 2-pt dunk at rim (assist by Kyle Lowry) (TOR 102, ATL 101)","Toronto Raptors",0.5,8,17.3,"TORATL"
"Trae Young misses 2-pt hook shot from 2 ft (ATL 101, TOR 102)","Atlanta Hawks",2.5,1,5.4,"TORATL"
"Vince Carter misses 3-pt jump shot from 51 ft (ATL 101, TOR 104)","Atlanta Hawks",49.9,3,1.5,"TORATL"
"Russell Westbrook misses 3-pt jump shot from 23 ft (OKC 117, MIN 119)","OKC Thunder",23.4,3,7.4,"OKCMIN"
"Russell Westbrook misses 3-pt jump shot from 26 ft (OKC 117, MIN 119)","OKC Thunder",26.4,3,2.8,"OKCMIN"
"Paul George misses 2-pt layup from 2 ft (OKC 117, MIN 119)","OKC Thunder",2.7,1,0.8,"OKCMIN"
"Bam Adebayo makes 2-pt hook shot from 5 ft (assist by Josh Richardson) (MIA 99, DEN 99)","Miami Heat",5.7,8,22.6,"MIADEN"
"Nikola Jokic makes 2-pt jump shot from 5 ft (assist by Jamal Murray) (DEN 101, MIA 99)","Denver Nuggets",5.1,8,2.6,"MIADEN"
"Damian Lillard misses 2-pt jump shot from 15 ft (POR 107, OKC 109)","Portland Blazers",15.4,1,11.2,"OKCPOR"
"CJ McCollum misses 2-pt jump shot from 21 ft (POR 107, OKC 109)","Portland Blazers",21.3,1,8.2,"OKCPOR"
"Zach LaVine makes 3-pt jump shot from 28 ft (assist by Kris Dunn) (CHI 105, IND 105)","Chicago Bulls",28.3,10,3.6,"CHIIND"
"James Harden misses 3-pt jump shot from 31 ft (HOU 119, GSW 119)","Houston Rockets",31.3,3,3.3,"HOUGSW"
"Stephen Curry misses 3-pt jump shot from 71 ft (GSW 119, HOU 119)","Golden State Warriors",49.9,1,0.3,"HOUGSW"
"Damian Lillard makes 2-pt layup from 2 ft (POR 103, SAC 103)","Portland Blazers",2.9,8,15.3,"PORSAC"
"De'Aaron Fox misses 2-pt jump shot from 20 ft (SAC 103, POR 103)","Sacramento Kings",20.4,1,0.6,"PORSAC"
"Reggie Bullock misses 3-pt jump shot from 25 ft (DET 102, ORL 105)","Sacramento Kings",25.7,3,23.3,"ORLDET"
"Evan Fournier makes 2-pt jump shot from 12 ft (assist by Aaron Gordon) (ORL 109, DET 107)","Orlando Magic",12.3,8,0.5,"ORLDET"
"Dennis Smith makes 2-pt layup from 1 ft (DAL 104, OKC 103)","Dallas Mavericks",1.3,8,24.5,"DALOKC"
"Paul George misses 2-pt jump shot from 19 ft (OKC 103, DAL 104)","OKC Thunder",19.3,1,4.3,"DALOKC"
"Russell Westbrook misses 3-pt jump shot from 23 ft (OKC 103, DAL 105)","OKC Thunder",23.3,3,0.6,"DALOKC"
















































































































































































